{"cameraMode":{"drawMode":0,"name":"Shaded","section":"Shading Mode"},"sceneLighting":false,"audioPlay":false,"sceneViewState":{"showFog":false,"showMaterialUpdate":false,"showSkybox":false,"showFlares":false,"showImageEffects":false,"showParticleSystems":false,"showVisualEffectGraphs":true,"m_FxEnabled":true},"in2DMode":false,"pivot":{"x":-0.03170899301767349,"y":0.4830525517463684,"z":-0.01661589741706848},"rotation":{"x":-0.24669228494167329,"y":-0.01831696927547455,"z":0.004662689752876759,"w":-0.968915581703186},"size":0.28780490159988406,"orthographic":false}