{"cameraMode":{"drawMode":0,"name":"Shaded","section":"Shading Mode"},"sceneLighting":false,"audioPlay":false,"sceneViewState":{"showFog":false,"showMaterialUpdate":false,"showSkybox":false,"showFlares":false,"showImageEffects":false,"showParticleSystems":false,"showVisualEffectGraphs":true,"m_FxEnabled":true},"in2DMode":false,"pivot":{"x":0.11085772514343262,"y":1.917560338973999,"z":0.3872417211532593},"rotation":{"x":0.0009068940416909754,"y":-0.9927726984024048,"z":0.12001919746398926,"w":0.007447885349392891},"size":2.7640888690948488,"orthographic":false}