{"cameraMode":{"drawMode":0,"name":"Shaded","section":"Shading Mode"},"sceneLighting":false,"audioPlay":false,"sceneViewState":{"showFog":true,"showMaterialUpdate":false,"showSkybox":false,"showFlares":true,"showImageEffects":true,"showParticleSystems":true,"showVisualEffectGraphs":true,"m_FxEnabled":true},"in2DMode":false,"pivot":{"x":3.579836845397949,"y":1.5400238037109376,"z":2.873593330383301},"rotation":{"x":-0.007257658056914806,"y":-0.9909124374389648,"z":-0.12068059295415878,"w":0.05952728912234306},"size":2.4464099407196047,"orthographic":false}