{"cameraMode":{"drawMode":0,"name":"Shaded","section":"Shading Mode"},"sceneLighting":false,"audioPlay":false,"sceneViewState":{"showFog":false,"showMaterialUpdate":false,"showSkybox":false,"showFlares":false,"showImageEffects":false,"showParticleSystems":false,"showVisualEffectGraphs":true,"m_FxEnabled":true},"in2DMode":false,"pivot":{"x":-5.960464477539063e-8,"y":0.891933798789978,"z":-0.012163668870925904},"rotation":{"x":-0.00068046705564484,"y":0.9739149808883667,"z":0.0029217563569545748,"w":0.22690404951572419},"size":1.2017300128936768,"orthographic":false}